query,clicks,impressions,position
lcdmh,8,41,3.2
bridgestone t33 vs michelin road 6,6,27,9.6
différence carpuride w702 et w702 pro,4,115,7.3
battlax t33 vs road 6,3,30,2.7
bridgestone t33 vs road 6,3,8,1.8
carpuride w702 pro,3,767,10.1
cap nord en moto,2,12,16.8
cap nord moto : budget,2,31,3.8
cap nord moto seul,2,25,4.3
carplay moto comparatif,2,31,9.3
carpuride w702 pro prix,2,28,6.5
la chaine du motard heureux,2,24,2.0
road 6 vs t33,2,6,6.2
aoocci u6,1,55,10.3
avis des clients,1,1,6.0
blackview xplore x1,1,116,8.5
bridgestone battlax t33 vs michelin road 6,1,7,7.0
bridgestone t33 vs metzeler roadtec 02,1,2,2.0
bridgestone t33 vs michelin road 6 gt,1,3,3.3
carpuride vs aoocci,1,5,7.6
carpuride w702 pro vs w702s pro,1,3,5.7
dunlop mutant avis,1,5,19.2
dunlop mutant test,1,9,9.4
dunlop mutant vs michelin road 6,1,19,7.4
essai honda 1100 nt 2026,1,1,27.0
honda nt 1100 avis,1,3,36.7
komobi,1,9,7.8
komobi vs monimoto,1,4,13.8
meilleur intercom moto,1,24,59.0
meilleur pneu moto 2026,1,3,8.7
metzeler roadtec 02 vs bridgestone t33,1,3,1.7
michelin road 6 vs bridgestone battlax t33,1,3,3.0
michelin road 6 vs bridgestone t33,1,12,11.2
motard heureux,1,40,3.0
nordkapp moto,1,4,4.0
quel carplay moto choisir,1,3,10.0
quel carpuride moto choisir,1,17,8.4
sena 60s avis,1,2,12.0
t33 vs road 6,1,8,2.0
test pneus moto,1,7,28.0
voyage moto cap nord,1,20,31.9
1100 honda,0,1,37.0
1100 nt 2023 avis forum,0,1,19.0
702 pro,0,2,9.5
accessoire road trip moto,0,1,35.0
aferiy nano,0,6,5.7
aferiy nano 100,0,53,5.9
aferiy nano100,0,1,5.0
afery nano 100,0,1,10.0
amortisseur nt1100 forum,0,1,15.0
angle mort moto,0,1,79.0
annecy dolomites distance,0,2,8.0
aocci u6,0,4,7.0
aoocci bx,0,1,13.0
aoocci u6 vs u7,0,1,9.0
aoocci u6/u7,0,1,10.0
aoocci vs carpuride,0,2,9.5
aooci u6,0,2,6.0
au fil des cols moto,0,2,11.5
avis carpuride,0,4,11.8
avis carpuride moto,0,2,10.5
avis sur mekanik,0,18,10.6
balade moto alpes,0,2,35.5
balade moto annecy,0,19,10.2
balade moto autour de moi,0,5,6.8
balade moto france,0,4,52.0
balade moto haute savoie,0,2,32.5
battlax t33 vs michelin road 6,0,1,1.0
black friday 2025 gps moto,0,15,16.1
blackview explore x1,0,20,6.5
blackview explorer x1,0,5,10.4
blackview x1,0,8,10.4
blackview x1 pro,0,1,16.0
blackview xplore 1,0,1,47.0
blackview xplore 1 avis,0,1,4.0
blackview xplore 1 test,0,4,5.0
blackview xplore x1 5g,0,23,10.4
blackview xplore x1 pro,0,4,9.8
blackview xplore x1 test,0,5,3.6
bridgestone battlax t33 test,0,1,14.0
bridgestone mutant,0,5,6.0
bridgestone t31 vs michelin road 5,0,1,42.0
bridgestone t33 avis,0,7,18.3
cao nord,0,1,4.0
cap nord,0,1,9.0
cap nord a moto,0,2,8.5
cap nord en moto et camping,0,4,10.5
cap nord moto,0,30,18.8
cap nord moto 2026,0,3,30.3
cap nord moto budget,0,17,5.0
capo nord in moto,0,1,1.0
capo nord in moto costi,0,2,74.0
capuride,0,1,4.0
capuride 702,0,3,9.7
car pour ride,0,1,3.0
car pure ride moto,0,1,10.0
carbit ride avis,0,1,26.0
cardo 60s,0,1,20.0
cardo ou sena,0,1,11.0
cardo vs sena,0,10,10.2
carplay 702,0,1,11.0
carplay aoocci,0,4,8.5
carplay carpuride,0,1,9.0
carplay carpuride moto,0,1,48.0
carplay carpuride w702,0,5,8.2
carplay carpuride w702 pro,0,3,8.0
carplay moto 2026,0,4,7.5
carplay moto 6 pouces,0,1,1.0
carplay moto aoocci,0,1,9.0
carplay moto carpuride,0,2,13.5
carplay moto carpuride w702 pro,0,27,10.2
carplay w702,0,3,9.0
carplay w702 pro,0,7,8.6
carpuride,0,46,8.6
carpuride 2026,0,13,6.2
carpuride 702,0,3,10.0
carpuride 702 plus,0,15,11.9
carpuride 702 pro,0,84,9.1
carpuride 702 rs pro,0,7,12.3
carpuride 702 s pro,0,3,10.0
carpuride 702bpro,0,1,5.0
carpuride 702pro,0,2,9.5
carpuride 702rs pro,0,9,15.1
carpuride 702s,0,8,10.8
carpuride 702s pro,0,18,10.7
carpuride 702spro,0,1,9.0
carpuride 712,0,1,12.0
carpuride africa twin 1100,0,2,9.5
carpuride avis,0,6,12.2
carpuride carplay,0,5,9.6
carpuride comparatif,0,11,7.8
carpuride forum,0,1,20.0
carpuride france,0,4,11.2
carpuride français,0,1,1.0
carpuride gps,0,7,8.3
carpuride maroc,0,2,10.0
carpuride moto,0,38,8.5
carpuride moto france,0,6,9.7
carpuride moto w702 pro,0,32,10.2
carpuride plus vs pro,0,1,6.0
carpuride prix,0,3,9.7
carpuride pro,0,6,10.3
carpuride trustpilot,0,1,22.0
carpuride w 702,0,5,10.0
carpuride w 702 plus,0,8,11.0
carpuride w 702 pro,0,2,8.0
carpuride w602s pro,0,1,20.0
carpuride w603 notice,0,1,18.0
carpuride w702,0,94,8.8
carpuride w702 / w702 pro,0,2,8.0
carpuride w702 avis,0,9,10.0
carpuride w702 plus,0,23,10.4
carpuride w702 plus android 14,0,1,30.0
carpuride w702 plus avis,0,19,9.2
carpuride w702 plus vs pro,0,1,6.0
carpuride w702 pro avis,0,6,11.2
carpuride w702 pro dimensions,0,4,8.8
carpuride w702 pro moto,0,20,10.8
carpuride w702 pro plus,0,1,10.0
carpuride w702 pro test,0,4,7.2
carpuride w702 pro vs w702,0,1,7.0
carpuride w702 rs pro,0,1,12.0
carpuride w702 s pro,0,32,11.8
carpuride w702 test,0,1,8.0
carpuride w702 vs w702 pro,0,31,7.4
carpuride w702b,0,1,13.0
carpuride w702bs prix,0,1,12.0
carpuride w702d,0,3,8.7
carpuride w702plus,0,4,10.0
carpuride w702rs,0,1,4.0
carpuride w702rs pro,0,11,8.0
carpuride w702s,0,6,8.7
carpuride w702s pro,0,75,9.9
carpuride w702s pro moto,0,31,9.7
carpuride w702spro,0,2,9.5
carpuride w702t pro,0,5,8.2
carpuride w708 pro,0,1,24.0
carpuride w903 avis,0,1,2.0
carpuride.fr,0,2,15.5
carpurride,0,6,9.8
carpurude,0,1,2.0
casque sena,0,1,2.0
chudx nano 100,0,1,10.0
circuit moto en france,0,3,93.0
circuit moto france,0,2,99.0
classement intercom moto,0,1,69.0
code promo motointercom,0,2,8.0
col a faire en moto,0,1,1.0
col moto,0,1,24.0
col moto alpes,0,2,8.5
comparaison intercom moto,0,1,66.0
comparaison pneu moto,0,2,37.0
comparateur pneu moto,0,1,8.0
comparateur pneus moto,0,2,10.0
comparatif carplay moto,0,11,8.9
comparatif carpuride,0,4,7.2
comparatif carpuride moto,0,11,10.5
comparatif intercom moto,0,4,66.0
comparatif intercom moto 2026,0,1,12.0
comparatif pneu moto,0,3,53.3
comparatif pneu moto route,0,2,18.5
comparatif pneus moto,0,11,36.2
contour hd par vholdr,0,5,52.4
dunlop gt601 vs michelin pilot street 2,0,1,42.0
dunlop mutant,0,18,18.7
dunlop mutant 2020,0,1,18.0
dunlop mutant durata,0,2,45.0
dunlop mutant durée de vie,0,11,9.7
dunlop mutant offroad,0,3,8.3
dunlop mutant review,0,2,14.0
dunlop mutant vs road 6,0,1,9.0
dxr roadtrip,0,2,35.0
détection chute moto,0,1,59.0
détection de chute moto,0,1,39.0
ecran deporte moto,0,1,13.0
ecran gps moto,0,2,4.0
essai honda nt1100,0,2,41.5
essai honda nt1100 dct 2026,0,1,30.0
essai nt 1100 dct 2026,0,1,5.0
essai pneu moto,0,7,38.1
excursion moto,0,1,53.0
expert moto tiregom,0,18,53.9
experts moto tiregom,0,34,54.1
forum honda nt 1100,0,1,33.0
gorilla performance annecy avis,0,2,9.0
gps carpuride,0,11,12.4
gps carpuride moto,0,11,10.5
gps moto carpuride,0,4,13.5
gps moto ou carplay,0,4,9.8
guidage moto,0,4,53.2
hauteur de selle honda nt1100,0,2,2.5
honda 1100 nt,0,2,27.5
honda annecy mekanik,0,1,11.0
honda cmx 1100,0,1,4.0
honda cmx 1100 dct rebel,0,1,4.0
honda nt 1100,0,4,15.2
honda nt 1100 2025 avis,0,1,8.0
honda nt 1100 avis forum,0,1,28.0
honda nt 1100 dct 2023,0,1,2.0
honda nt 1100 dct 2026 test,0,1,11.0
honda nt 1100 fiabilité,0,6,9.0
honda nt 1100 occasion,0,1,4.0
honda nt 1100 problemas,0,1,46.0
honda nt 1100 probleme,0,2,52.5
honda nt 1100 test,0,1,36.0
honda nt1100,0,2,45.0
honda nt1100 avis,0,2,43.0
honda nt1100 dct,0,3,34.7
honda nt1100 dct 2026 test,0,2,10.0
honda nt1100 fiche technique,0,1,43.0
honda nt1100 forum,0,1,45.0
honda nt1100 problemas,0,1,45.0
honda nt1100 road trip,0,3,4.0
honda nt1100.,0,1,44.0
intercom 2026,0,1,9.0
intercom moto comparatif,0,2,68.0
intercom moto lequel choisir,0,1,59.0
intercom sena 50s,0,1,3.0
iphone 15,0,1,4.0
kit rabaissement honda nt 1100,0,1,4.0
komobi city,0,14,6.6
komobi moto,0,24,7.8
komobi tracker,0,6,5.7
lcdmh youtube,0,21,4.1
le cap nord en moto,0,3,2.7
les alpes en moto,0,58,44.6
les plus beaux cols des alpes en moto,0,10,8.0
mcp hord,0,1,31.0
meilleur carplay moto,0,5,36.6
meilleur carplay moto 2026,0,50,6.7
meilleur carpuride moto,0,6,7.7
meilleur intercom,0,1,56.0
meilleur intercom cardo,0,1,41.0
meilleur intercom moto 2018,0,1,30.0
meilleur intercom moto pas cher 2026,0,2,47.5
meilleur intercom moto sena,0,4,25.0
meilleur intercom sena,0,1,3.0
meilleur pneu moto,0,1,2.0
meilleur pneu moto roadster,0,3,59.3
meilleur pneu tmax,0,7,46.0
metzeler,0,1,1.0
metzeler roadtec 02,0,2,2.5
metzeler roadtec 02 avis,0,1,24.0
metzeler roadtec 02 testbericht,0,1,38.0
metzeler roadtec 02 vs michelin road 6,0,34,9.6
metzeler roadtec test,0,1,4.0
metzeler roadtec z6,0,4,58.2
metzeler vs bridgestone,0,1,11.0
metzeler vs michelin,0,1,19.0
mh road,0,1,6.0
michelin mutant,0,3,9.7
michelin road 6 gt avis,0,1,34.0
michelin road 6 gt vs metzeler roadtec 02,0,1,9.0
michelin road 6 vs dunlop mutant,0,4,11.5
michelin road 6 vs metzeler roadtec 02,0,2,9.0
michelin road 6 vs t33,0,2,3.5
michelin t63,0,3,53.0
michelin t66,0,1,17.0
moto alpes,0,9,41.9
moto cap nord,0,2,10.5
moto et col montagne conseils,0,6,14.0
moto honda nt1100,0,1,41.0
moto turquie,0,32,37.9
motohad,0,1,50.0
motor zone test,0,1,9.0
mutant dunlop,0,4,19.2
nano 100,0,5,6.0
nano100,0,1,10.0
nordkapp en moto,0,1,11.0
norvege en moto,0,1,38.0
nt 1000,0,1,57.0
nt 1100,0,1,45.0
nt 1100 2022,0,1,2.0
nt 1100 avis,0,1,5.0
nt 1100 honda,0,3,19.0
nt1100,0,1,47.0
nt1100 2027,0,2,8.5
nt1100 dct,0,1,48.0
nt1100 honda,0,1,48.0
nt1100 honda 2025,0,1,6.0
nt1100 honda 2026 prix,0,1,5.0
nt1100 shop,0,1,3.0
nt1100 test,0,1,17.0
ok pour le comparatif,0,1,2.0
oui,0,5,7.0
oui budget,0,1,2.0
oui je veux bien,0,1,1.0
packtalk pro vs sena 60s,0,1,11.0
paris cap nord moto,0,2,3.0
paris nord cap 2026,0,1,6.0
plus beau col des alpes en moto,0,4,9.8
pneu dunlop mutant,0,1,20.0
pneu dunlop mutant avis,0,1,10.0
pneu moto comparatif,0,1,6.0
pneu moto metzeler roadtec 02,0,1,6.0
pneu moto route,0,1,5.0
pneu moto test,0,1,39.0
pneu road 6 avis,0,1,27.0
pneu roadrider 4 saisons avis,0,1,39.0
pneu roadrider strada max avis,0,1,19.0
pneus moto,0,1,2.0
pneus trail 50/50,0,1,88.0
poids nt1100 dct,0,1,9.0
prix,0,1,11.0
prix actuel,0,1,6.0
prix honda africa twin,0,1,2.0
prix pneus moto,0,1,2.0
problèmes honda nt 1100,0,7,14.7
quel carpuride choisir,0,62,8.3
quel sont les meilleurs pneus,0,1,13.0
revendeur carpuride france,0,3,10.3
ridernav ou carpuride,0,3,17.0
road trip a moto,0,2,48.5
road trip cap nord,0,1,37.0
road trip cap nord moto,0,13,5.5
road trip france moto,0,1,56.0
road trip moto,0,15,53.5
road trip moto alpes,0,8,47.1
road trip moto cap nord,0,5,11.8
road trip moto cap nord pdf,0,19,6.3
road trip moto france,0,13,44.8
road trip moto norvege,0,7,14.6
road trip moto organisé,0,2,61.0
road trip moto organisé france,0,8,36.1
road trip moto turquie,0,72,19.1
roadtec 02,0,2,64.5
roadtec 02 vs michelin road 6,0,1,9.0
roadtec 02 vs road 6,0,4,6.8
route des grandes alpes moto,0,1,3.0
route moto alpes,0,1,50.0
sena 50r,0,1,4.0
sena 50r vs 60s,0,1,11.0
sena 50s,0,2,3.5
sena 50s / 50r,0,1,4.0
sena 50s vs 60s,0,6,4.5
sena 50s vs cardo,0,1,9.0
sena 50s vs cardo packtalk neo,0,1,6.0
sena 60s,0,5,3.4
sena 60s evo test,0,2,14.5
sena 60s test,0,1,11.0
sena 60s vs 50s,0,9,6.1
sena 60s vs 60 evo,0,1,24.0
sena 60s vs cardo packtalk pro,0,1,11.0
sena 60s vs sena 50s,0,1,1.0
sena 60x test,0,1,17.0
sena intercom 60s,0,2,2.0
sena mesh 3.0,0,1,4.0
sena ou cardo,0,2,13.5
sena pi alternative,0,1,46.0
sena sf2 vs cardo spirit hd,0,1,35.0
sena vs,0,1,8.0
sena vs cardo,0,5,10.8
sena x60,0,1,9.0
sensibilite elevee dunlop,0,253,12.3
site,0,1,6.0
sortie moto autour de moi,0,1,1.0
spots drone italie,0,1,81.0
support carpuride w702 pro,0,1,13.0
telephone x1,0,1,17.0
temps ?,0,1,2.0
test carplay moto,0,2,16.0
test honda nt1100 dct 2026,0,1,7.0
test pneu moto,0,11,39.1
trek moto,0,1,60.0
tytan road,0,4,21.2
téléphone blackview avis,0,1,2.0
vholdr contour hd,0,3,53.0
voyage moto alpes idées reçues conseils,0,26,26.2
voyage moto france,0,9,57.0
voyage moto organisé france,0,1,53.0
voyage moto turquie,0,71,28.3
voyages moto france,0,1,36.0
w702,0,3,11.7
w702 carpuride,0,5,11.0
w702 plus,0,2,8.0
w702 plus carpuride,0,3,8.3
w702 pro,0,35,8.7
w702 pro carpuride,0,11,10.6
w702rs pro,0,5,4.6
w702s,0,1,8.0
w702s pro,0,25,9.0
w702s pro carpuride,0,5,10.2
x1 telephone,0,1,10.0
xplore x1,0,25,7.3
xplore x1 blackview,0,6,7.7
zontes 1100,0,1,8.0
zontes 703f vs benelli trk 702,0,1,6.0
équipement cap nord moto,0,2,12.0
équipement road trip moto,0,2,34.0
